batter,Total_Runs,Matches
V Kohli,9363,275
RG Sharma,7347,275
S Dhawan,6821,221
DA Warner,6602,184
KL Rahul,5864,149
SK Raina,5575,200
MS Dhoni,5484,241
AM Rahane,5391,197
SV Samson,5207,185
AB de Villiers,5201,170
CH Gayle,5048,141
RV Uthappa,4985,197
KD Karthik,4876,233
F du Plessis,4794,147
JC Buttler,4691,136
AT Rayudu,4374,185
SS Iyer,4262,144
G Gambhir,4223,151
Shubman Gill,4099,107
MK Pandey,4041,163
RR Pant,3929,136
SR Watson,3913,141
SA Yadav,3645,135
Ishan Kishan,3616,127
RA Jadeja,3550,205
Q de Kock,3476,118
KA Pollard,3454,168
DA Miller,3312,143
YK Pathan,3241,153
N Rana,3097,121
HH Pandya,3007,150
WP Saha,2949,143
BB McCullum,2893,109
PA Patel,2873,136
RD Gaikwad,2839,84
GJ Maxwell,2825,134
MA Agarwal,2774,125
Yuvraj Singh,2765,126
V Sehwag,2728,104
AD Russell,2695,114
M Vijay,2622,105
YBK Jaiswal,2593,82
N Pooran,2536,100
B Sai Sudharsan,2515,57
SPD Smith,2510,93
SE Marsh,2489,69
JH Kallis,2427,95
DR Smith,2385,88
SR Tendulkar,2333,78
Abhishek Sharma,2307,83
RA Tripathi,2304,98
D Padikkal,2270,89
MP Stoinis,2251,108
R Dravid,2174,82
KS Williamson,2149,76
S Dube,2129,87
H Klaasen,2106,60
AR Patel,2099,134
AJ Finch,2098,90
AC Gilchrist,2069,80
JP Duminy,2041,75
KH Pandya,2006,123
MEK Hussey,1977,58
R Parag,1888,86
Tilak Varma,1858,65
MR Marsh,1855,62
SP Narine,1852,122
P Simran Singh,1849,64
DPMD Jayawardene,1808,78
Mandeep Singh,1723,97
KK Nair,1718,78
MK Tiwary,1697,83
KC Sangakkara,1687,68
VR Iyer,1677,62
AK Markram,1671,66
RM Patidar,1612,52
DJ Bravo,1575,110
TM Head,1556,52
NV Ojha,1555,94
DJ Hooda,1508,101
SS Tiwary,1494,73
SO Hetmyer,1476,80
S Badrinath,1441,65
EJG Morgan,1406,74
BJ Hodge,1400,63
CA Lynn,1357,42
SC Ganguly,1349,56
RK Singh,1332,55
DJ Hussey,1322,61
R Tewatia,1310,91
PP Shaw,1294,54
PD Salt,1258,40
V Shankar,1250,63
JM Bairstow,1229,42
KM Jadhav,1220,81
Dhruv Jurel,1195,51
A Badoni,1178,56
TM Dilshan,1153,50
TH David,1151,59
IK Pathan,1150,82
ML Hayden,1107,32
JM Sharma,1107,59
M Vohra,1087,51
DP Conway,1080,28
LMP Simmons,1079,29
C Green,1029,42
V Suryavanshi,1028,23
LRPL Taylor,1017,54
AS Yadav,1010,35
KP Pietersen,1001,36
MC Henriques,1000,54
LS Livingstone,996,45
T Stubbs,986,43
Y Venugopal Rao,985,52
JA Morkel,975,67
A Symonds,974,36
CL White,971,45
BA Stokes,947,43
Priyansh Arya,909,31
Shashank Singh,905,42
SM Curran,902,45
Washington Sundar,892,59
HH Gibbs,886,36
A Raghuvanshi,885,30
STR Binny,882,66
MM Ali,870,45
Abdul Samad,859,58
R Ashwin,840,93
Harbhajan Singh,838,88
RD Rickelton,836,26
Shakib Al Hasan,806,52
MS Bisla,798,39
Nithish Kumar Reddy,787,35
N Wadhera,784,37
M Shahrukh Khan,775,53
Abishek Porel,769,33
ST Jayasuriya,768,30
SN Khan,754,43
GC Smith,739,29
AD Mathews,724,41
Naman Dhir,710,33
E Lewis,688,26
TL Suman,676,39
AM Nayar,672,50
GJ Bailey,663,36
PJ Cummins,642,51
Rashid Khan,640,72
PP Chawla,627,86
JJ Roy,621,21
CH Morris,621,49
P Shaw,616,25
D Brevis,606,24
JD Ryder,604,29
Shahbaz Ahmed,603,40
WG Jacks,602,26
HM Amla,577,16
Ashutosh Sharma,564,26
R Powell,555,30
JP Inglis,544,16
CJ Anderson,538,29
RS Bopara,531,22
JP Faulkner,527,45
S Gill,517,23
Gurkeerat Singh,517,32
M Manhas,514,38
SW Billings,507,27
OA Shah,506,22
PC Valthaty,505,23
MK Lomror,499,32
C Connolly,491,13
RR Rossouw,473,22
J Bairstow,464,10
DT Christian,462,41
SE Rutherford,447,20
A Mhatre,441,13
NLTC Perera,424,30
Sameer Rizvi,424,18
SA Asnodkar,423,19
JR Hopes,417,19
R Ravindra,413,18
J Botha,409,28
LR Shukla,405,33
AL Menaria,401,23
MV Boucher,394,23
CA Pujara,390,22
Azhar Mahmood,388,21
A Mishra,387,55
J Fraser-McGurk,385,15
KR Mayers,379,13
DB Ravi Teja,375,25
S Sohal,368,20
P Negi,366,35
Rahmanullah Gurbaz,363,18
B Kumar,361,75
KV Sharma,352,40
DJ Mitchell,351,15
SN Thakur,349,43
FH Allen,349,11
R Bhatia,342,47
P Kumar,340,57
AP Tare,339,27
JEC Franklin,327,16
D Ferreira,326,16
RN ten Doeschate,326,21
JO Holder,324,34
Anuj Rawat,318,21
Aniket Verma,315,20
C de Grandhomme,313,21
R Vinay Kumar,311,42
M Ali,311,14
Lalit Yadav,305,21
DB Das,304,22
LA Pomersbach,302,16
SP Goswami,301,21
UBT Chand,300,20
Ramandeep Singh,299,26
DJG Sammy,295,20
Kartik Sharma,295,11
A Manohar,292,20
Y Nagar,285,20
VVS Laxman,282,20
HV Patel,281,44
A Ashish Reddy,280,23
B Chipli,280,21
GH Vihari,280,21
P Nissanka,278,10
MJ Lumb,278,12
PBB Rajapaksa,277,13
PK Garg,273,19
MJ Guptill,271,13
R Sathish,270,24
R Shepherd,268,19
K Rabada,263,34
Atharva Taide,260,10
M Kaif,259,22
K Gowtham,251,27
JC Archer,244,29
SM Katich,241,11
BCJ Cutting,240,17
MD Mishra,237,17
Harpreet Brar,229,26
Mohammad Nabi,226,19
SB Dubey,220,17
K Goel,218,16
AA Jhunjhunwala,217,15
UT Yadav,213,48
Kuldeep Yadav,212,41
R Dhawan,210,22
PD Collingwood,203,7
JD Unadkat,201,28
KS Bharat,199,8
SK Warne,198,27
Urvil Patel,197,10
SP Fleming,196,10
AS Raut,194,16
BJ Rohrer,193,8
Salman Butt,193,7
M Jansen,192,25
YV Takawale,192,10
HC Brook,190,11
CR Brathwaite,188,14
Bipul Sharma,187,17
C Ingram,187,12
S Gopal,184,22
MS Wade,183,14
FY Fazal,183,11
SD Hope,183,9
Sikandar Raza,182,9
AC Voges,181,7
C Munro,180,11
AB Agarkar,179,18
MW Short,177,9
MF Maharoof,177,14
DH Yagnik,170,17
MD Choudhary,170,10
CM Gautam,169,13
MG Johnson,168,28
MN van Wyk,167,5
DW Steyn,167,33
Suryansh Shedge,165,10
Ankit Sharma,164,16
PA Reddy,164,10
JG Bethell,163,9
N Jagadeesan,162,10
MN Samuels,161,14
R McLaren,159,13
RE van der Merwe,159,15
V Nigam,157,10
A Hales,152,6
Azmatullah Omarzai,151,11
J Overton,151,8
D Wiese,148,11
SM Pollock,147,8
S Vidyut,145,8
Sachin Baby,144,11
DL Chahar,144,20
N Saini,143,12
Arshad Khan,142,12
Anmolpreet Singh,139,9
S Anirudha,136,12
GD Phillips,132,13
SB Styris,131,10
W Jaffer,130,8
RD Chahar,129,22
Kamran Akmal,128,6
MM Sharma,127,30
P Dogra,127,12
UT Khawaja,127,6
SS Prabhudessai,126,10
M Morkel,126,20
MC Juneja,125,7
BB Samantray,125,8
B Lee,124,19
Harpreet Singh,123,8
D Short,123,7
AB McDonald,123,9
Mohammed Siraj,122,23
Niraj Patel,121,6
S Arora,121,10
DL Vettori,121,16
TG Southee,120,19
AC Blizzard,120,7
Misbah-ul-Haq,117,8
Z Khan,117,27
RJ Harris,117,21
KK Cooper,116,12
Mohammed Shami,115,34
Aman Hakim Khan,115,10
M Kartik,113,14
MA Starc,111,22
DJ Harris,111,4
JDP Oram,106,11
LJ Wright,106,5
TK Curran,104,6
DS Kulkarni,104,20
MJ Santner,104,19
RJ Quiney,103,7
AJ Tye,100,13
MS Gony,99,15
SD Chitnis,99,8
CJ Ferguson,98,8
MJ Clarke,98,6
PN Mankad,97,5
C Bosch,97,6
S Curran,95,8
TA Boult,93,26
S Hetmyer,93,5
DJ Jacobs,92,7
PHKD Mendis,92,5
JDS Neesham,92,10
Himmat Singh,92,5
PR Shah,92,9
S Rana,91,8
RT Ponting,91,9
AD Nath,91,10
MJ McClenaghan,91,20
PR Veer,90,5
MD Shanaka,89,8
Iqbal Abdulla,88,13
SL Malinga,88,20
AP Majumdar,87,4
J Archer,85,11
RE Levi,83,6
NM Coulter-Nile,82,16
S Rutherford,82,7
LA Carseldine,81,5
Shahid Afridi,81,9
CJ Jordan,81,12
WPUJC Vaas,81,11
PWH de Silva,81,19
RV Patel,80,7
AD Mascarenhas,79,11
AS Roy,78,14
JR Philippe,78,5
CR Woakes,78,12
KA Jamieson,77,10
JJ Bumrah,77,29
B Akhil,76,11
IR Jaggi,76,7
TR Birt,75,5
A Kamboj,74,10
R Singh,73,7
RR Sarwan,73,4
M Klinger,73,4
LH Ferguson,72,8
L Livingstone,72,4
SK Rasheed,71,5
Vishnu Vinod,71,7
J Suchith,70,9
AA Bilakhia,69,7
Vivrant Sharma,69,1
Avesh Khan,68,16
RR Powar,67,9
R Sharma,66,19
HR Shokeen,66,5
WD Parnell,65,13
Mohammad Hafeez,64,8
N Sindhu,63,5
Anirudh Singh,63,4
A Flintoff,62,3
SP Jackson,61,8
Harshit Rana,59,10
S Aravind,59,10
MG Bracewell,58,4
I Sharma,57,21
WA Mota,56,8
M Rawat,55,11
TU Deshpande,54,10
Sandeep Sharma,54,24
DJ Willey,53,5
PVD Chameera,53,11
Shivang Kumar,53,6
A Chopra,53,6
Shoaib Malik,52,5
RP Singh,52,28
M Markande,52,10
Swapnil Singh,51,9
KB Arun Karthik,51,8
R Rampaul,51,7
OF Smith,51,6
RV Gomez,50,9
VR Aaron,50,12
AG Paunikar,49,5
A Nortje,49,14
SB Bangar,49,7
T Kohler-Cadmore,48,3
Yashpal Singh,47,4
SU Parakh,46,4
TL Seifert,45,6
Ravi Bishnoi,45,18
D Pretorius,44,5
DR Sams,44,13
Sunny Singh,43,5
AB Barath,42,3
SK Trivedi,42,14
A Nehra,41,17
BR Dunk,40,3
J Yadav,40,4
LPC Silva,40,3
XC Bartlett,40,4
S Nadeem,39,20
DJ Thornely,39,4
MM Patel,39,12
Umar Gul,39,4
AUK Pathan,39,7
YS Chahal,38,17
Shivam Mavi,38,8
Rasikh Salam,38,6
S Narwal,37,4
Anureet Singh,37,8
AN Ahmed,36,6
L Balaji,36,13
Sohail Tanvir,36,5
KW Richardson,36,4
Joginder Sharma,36,5
A Kumble,35,15
M Santner,35,2
Salil Arora,35,1
B Sumanth,35,4
M Ashwin,35,12
RA Bawa,35,4
AP Dole,34,2
S Sreesanth,34,12
A Mithun,34,6
L Ronchi,34,5
D Salunkhe,33,3
Imran Tahir,33,8
Basil Thampi,32,7
AT Carey,32,3
RJ Peterson,32,5
Arshdeep Singh,32,14
Navdeep Saini,31,5
T Taibu,31,3
CV Varun,31,13
GF Linde,31,3
Noor Ahmad,31,15
S Sriram,31,2
G Coetzee,31,7
J Syed Mohammad,29,5
VH Zol,29,2
Akshat Raghuwanshi,29,2
M Lomror,28,3
SB Jakati,28,5
PJ Sangwan,27,14
AS Rajpoot,27,7
AB Dinda,26,16
AA Kulkarni,26,4
DJ Malan,26,1
NL McCullum,26,2
JM Kemp,26,2
S Chanderpaul,25,3
Sanvir Singh,25,5
Mohsin Khan,25,7
Akash Deep,25,5
AF Milne,25,7
A Choudhary,25,3
Tanush Kotian,24,1
MA Khote,24,3
NS Naik,24,3
T Curran,24,4
ER Dwivedi,24,2
Kartik Tyagi,24,9
KC Cariappa,24,5
J Arunkumar,23,3
SW Tait,23,5
Umran Malik,23,5
P Dubey,23,2
BMAJ Mendis,23,3
KL Nagarkoti,22,7
H Brar,22,1
HE van der Dussen,22,3
GB Hogg,22,4
AU Rashid,22,2
Sediqullah Atal,22,1
K Paul,22,5
Yudhvir Singh,22,4
SA Abbott,22,3
M Tiwari,21,2
AJ Turner,21,2
CA Ingram,21,3
Kumar Kushagra,21,4
AJ Hosein,21,3
DE Bollinger,21,4
B Indrajith,21,3
S Kaul,20,9
RR Raje,20,5
M Muralitharan,20,9
NJ Maddinson,20,3
AC Thomas,20,4
BKG Mendis,20,1
P R Barman,20,1
C Sakariya,20,7
R Shukla,19,4
NT Ellis,19,5
Gulbadin Naib,19,1
R Smaran,19,4
P Sahu,19,2
R Bishnoi,19,3
A Mukund,19,2
JR Hazlewood,19,8
Y Gnaneswara Rao,19,1
DR Martyn,19,1
T Banton,18,2
PV Tambe,18,6
Arjun Tendulkar,18,2
JJ van der Wath,18,3
Saurav Chauhan,18,3
DS Lehmann,18,2
Sumit Kumar,18,3
R Sai Kishore,18,4
Harmeet Singh,18,4
BJ Haddin,18,1
Naveen-ul-Haq,18,4
S Singh,17,1
M Theekshana,17,6
Parvez Rasool,17,4
JA Richardson,17,3
D Shorey,16,2
KS Sharma,16,3
CK Kapugedera,16,3
Vijaykumar Vyshak,16,6
YV Dhull,16,3
PP Ojha,16,19
I Udana,15,4
SD Lad,15,1
JL Pattinson,15,2
A Zampa,15,5
VY Mahesh,15,5
C Madan,15,1
A Joseph,15,1
GR Napier,15,1
Virat Singh,15,2
MP Breetzke,14,1
M Prasidh Krishna,14,6
FA Allen,14,3
F Behardien,14,3
Auqib Nabi,14,2
N Burger,14,3
MDKJ Perera,14,2
Mustafizur Rahman,13,7
S Badree,13,5
DT Patil,13,2
KJ Abbott,13,3
Harsh Dubey,13,4
S Mavi,13,3
AA Chavan,12,3
T Thushara,12,4
T Dahiya,12,2
DG Nalkande,12,2
Karanveer Singh,12,4
R Minz,12,4
K Kartikeya,12,4
AS Joseph,12,4
AR Bawne,12,1
M Ur Rahman,12,4
DAJ Bracewell,12,1
K Upadhyay,12,2
M Ntini,11,2
DNT Zoysa,11,2
T Henderson,11,2
MA Wood,11,2
T Kohli,11,3
BB Sran,11,7
TD Paine,10,2
Mukesh Kumar,10,5
VG Arora,10,11
X Thalaivan Sargunam,10,1
SMSM Senanayake,10,4
JE Root,10,1
KAJ Roach,10,1
J Theron,10,4
D du Preez,10,1
I Sodhi,10,2
Simarjeet Singh,10,6
Krish Bhagat,10,2
AG Murtaza,10,3
AA Noffke,9,1
PWA Mulder,9,1
L Wood,9,1
SM Harwood,9,2
TS Mills,8,5
Akash Madhwal,8,2
TM Srivastava,8,3
CK Langeveldt,8,2
Mukesh Choudhary,8,3
R Bhui,8,2
N Naik,8,1
J Searles,8,2
KT Maphaka,8,1
SH Johnson,8,6
S Sharma,8,2
Jaskaran Singh,8,4
CJ McKay,8,1
P Chopra,8,1
OC McCoy,8,1
UA Birla,7,1
I Malhotra,7,1
LG Pretorius,7,2
VS Malik,7,2
V Viyaskanth,7,1
AN Ghosh,7,2
Pankaj Singh,7,5
Ankit Soni,7,3
MJ Henry,7,2
E Malinga,7,3
JP Behrendorff,6,2
DA Payne,6,1
PSP Handscomb,6,1
DM Bravo,6,1
SS Shaikh,6,1
SB Joshi,6,2
H Viljoen,6,3
BA Bhatt,6,2
P Awana,5,5
SJ Srivastava,5,4
Fazalhaq Farooqi,5,3
MP Yadav,5,1
B Stanlake,5,1
Sakib Hussain,5,1
R Salam,5,1
KMDN Kulasekara,5,1
Arshad Khan (2),5,1
Shivam Sharma,5,2
B Laughlin,5,4
Prince Yadav,5,3
A Chandila,4,2
Yash Dayal,4,4
Ravi Singh,4,1
SR Dubey,4,1
A Turner,4,4
FH Edwards,4,2
H Vihari,4,2
L Ngidi,4,4
A Dananjaya,4,1
T Natarajan,4,3
RS Sodhi,4,1
GD McGrath,4,2
DP Nannes,4,2
CRD Fernando,4,2
VRV Singh,4,2
A Tomar,4,1
Liton Das,4,1
A Uniyal,4,2
PP Hinge,3,2
R Ninan,3,1
Mohammad Asif,3,2
BAW Mendis,3,3
DS Rathi,3,3
Younis Khan,3,1
RK Bhui,3,2
RJW Topley,3,1
M Wood,3,1
Kamran Khan,3,1
JE Taylor,3,2
S Tyagi,3,1
D Kalyankrishna,3,1
S Randiv,2,1
RS Gavaskar,2,1
Brijesh Sharma,2,2
VS Yeligati,2,1
KK Ahmed,2,5
BR Sharath,2,1
KP Appanna,2,3
Mohammad Ashraful,2,1
Mashrafe Mortaza,2,1
T Shamsi,2,1
A Singh,2,5
Mujeeb Ur Rahman,2,2
AM Ghazanfar,2,1
GHS Garton,2,2
Shoaib Akhtar,2,1
DV Malewar,2,2
Shivam Singh,2,1
RG More,2,1
SB Wagh,2,2
H Das,2,1
RJ Gleeson,2,1
SZ Mulani,1,1
NJ Rimmington,1,1
P Krishna,1,2
KA Maharaj,1,1
Ashwani Kumar,1,1
Ashok Sharma,1,2
P Parameswaran,1,2
L Plunkett,1,2
M de Lange,1,1
SS Mishra,1,1
LB Williams,1,1
SE Bond,1,1
H Gurney,1,1
DP Vijaykumar,1,1
Shoaib Ahmed,1,3
BE Hendricks,1,2
MS Bhandage,1,1
MJ Suthar,1,1
PM Sarvesh Kumar,1,1
PVSN Raju,1,1
DJ Muthuswami,1,1
Mohit Rathee,1,1
Abdul Basith,1,1
RR Bhatkal,0,1
YA Abdulla,0,1
S Lamichhane,0,1
S Ladda,0,2
S Kaushik,0,1
K Yadav,0,1
K Ahmed,0,1
KM Asif,0,1
KR Sen,0,1
KS Rathore,0,1
P Raj,0,1
RP Meredith,0,2
L Ablish,0,1
SS Cottrell,0,1
J Denly,0,1
IC Pandey,0,1
C Nanda,0,1
R Sanjay Yadav,0,1
Abdur Razzak,0,1
MJ Owen,0,1
Sunny Gupta,0,1
Mayank Dagar,0,1
ND Doshi,0,1
Musheer Khan,0,1
U Kaul,0,1
V Pratap Singh,0,1
