bowler,Total_Runs,Matches,Wickets
B Kumar,6076,206,243
YS Chahal,5549,184,242
SP Narine,5407,200,229
DJ Bravo,4480,158,207
JJ Bumrah,4630,158,206
R Ashwin,5749,217,205
PP Chawla,5193,191,200
RA Jadeja,5546,237,189
SL Malinga,3511,122,188
Rashid Khan,4417,153,187
A Mishra,4202,162,182
HV Patel,3818,121,168
UT Yadav,4475,147,163
Mohammed Shami,4320,132,162
Harbhajan Singh,4113,160,161
K Rabada,3466,101,156
Sandeep Sharma,4014,131,156
TA Boult,4023,124,153
MM Sharma,3551,119,149
AR Patel,4513,173,148
AD Russell,2928,121,133
Mohammed Siraj,4047,125,132
SN Thakur,3585,109,127
R Vinay Kumar,3043,104,127
JD Unadkat,3567,115,125
A Nehra,2537,88,121
Z Khan,2860,99,119
Arshdeep Singh,3049,92,117
Kuldeep Yadav,3206,107,116
CV Varun,2760,93,113
KH Pandya,3467,147,110
SR Watson,2751,105,107
CH Morris,2401,81,107
DW Steyn,2588,95,105
P Kumar,3342,119,102
Avesh Khan,2780,82,100
RP Singh,2417,82,100
I Sharma,3492,117,100
IK Pathan,2711,101,99
DL Chahar,2929,103,99
PP Ojha,2399,90,99
JA Morkel,2409,87,96
MA Starc,1813,56,91
DS Kulkarni,2531,92,91
PJ Cummins,2746,80,90
KV Sharma,2265,87,89
Ravi Bishnoi,2522,85,89
HH Pandya,2847,116,88
M Morkel,2136,70,88
Imran Tahir,1750,59,86
L Balaji,2083,73,85
T Natarajan,2411,73,83
AB Dinda,2103,75,82
MM Patel,1733,63,82
R Bhatia,2059,91,82
M Prasidh Krishna,2000,60,81
KA Pollard,2200,107,81
JO Holder,1781,57,76
KK Ahmed,2190,66,76
RD Chahar,2227,79,76
JP Faulkner,1849,60,76
MJ McClenaghan,1869,56,75
JH Kallis,2348,89,74
Mustafizur Rahman,1883,60,74
SK Trivedi,1944,75,73
JR Hazlewood,1725,52,73
Shakib Al Hasan,1872,70,71
M Muralitharan,1765,66,67
MG Johnson,1749,54,66
JC Archer,1586,47,63
A Nortje,1740,49,63
S Kaul,1797,55,63
Noor Ahmad,1531,51,62
LH Ferguson,1514,47,62
TU Deshpande,1899,53,60
SK Warne,1465,54,60
TG Southee,1798,54,57
S Nadeem,1804,70,54
S Gopal,1367,51,53
M Pathirana,1056,33,53
SM Curran,1734,54,52
Mukesh Kumar,1475,42,52
NM Coulter-Nile,1125,38,52
VG Arora,1425,42,51
SB Jakati,1474,57,50
A Kumble,1089,42,49
AJ Tye,1038,30,48
S Aravind,1057,38,48
MP Stoinis,1581,75,48
M Jansen,1672,47,47
PWH de Silva,1134,37,47
RJ Harris,1085,37,47
VR Aaron,1541,50,46
YK Pathan,1443,82,46
MC Henriques,1302,60,46
L Ngidi,896,27,46
Iqbal Abdulla,1125,48,45
Yash Dayal,1412,43,45
GJ Maxwell,1424,85,45
PJ Sangwan,1267,42,44
DE Bollinger,716,27,43
P Awana,1046,33,43
S Sreesanth,1221,44,43
Washington Sundar,1540,68,42
R Sharma,1100,44,42
Harshit Rana,1047,32,42
DT Christian,1223,49,40
WD Parnell,968,33,40
MS Gony,1317,44,39
Yuvraj Singh,1092,73,39
M Kartik,1418,55,39
DP Nannes,815,29,38
P Negi,958,42,38
Mohsin Khan,933,30,38
Harpreet Brar,1109,46,37
MR Marsh,803,34,37
M Markande,1170,40,37
NLTC Perera,1031,36,37
CJ Jordan,1116,34,36
KK Cooper,789,25,36
R Tewatia,1121,52,36
M Theekshana,1226,38,36
M Ashwin,1196,44,35
Kartik Tyagi,1224,33,35
E Malinga,754,22,35
A Singh,769,26,34
DL Vettori,894,34,34
A Kamboj,823,25,34
MF Maharoof,532,20,33
MM Ali,769,43,33
R Sai Kishore,701,27,33
AB Agarkar,1174,42,33
A Zampa,656,22,32
CR Woakes,688,21,31
Azhar Mahmood,707,23,31
Umran Malik,785,26,31
BA Stokes,1056,38,31
Vijaykumar Vyshak,910,25,31
Harmeet Singh,713,27,30
Rasikh Salam,777,24,30
B Lee,1126,38,30
SK Raina,1139,69,30
Yash Thakur,837,22,30
Suyash Sharma,1215,39,29
PV Tambe,866,33,28
AD Mathews,1095,44,28
STR Binny,766,63,28
DR Smith,825,46,27
J Archer,672,21,27
C Green,916,39,27
J Botha,818,34,27
R Dhawan,922,36,27
MJ Santner,776,31,27
Shahbaz Ahmed,1083,50,27
Akash Madhwal,598,17,26
Shivam Mavi,685,23,26
SW Tait,668,21,26
Mukesh Choudhary,780,24,26
Naveen-ul-Haq,602,17,26
Basil Thampi,870,25,26
RE van der Merwe,515,21,25
GB Hogg,585,21,25
Prince Yadav,695,20,25
AS Rajpoot,871,29,24
Sohail Tanvir,275,11,24
A Symonds,694,30,23
JP Duminy,847,49,23
BW Hilfenhaus,497,17,23
WPUJC Vaas,364,13,22
Bipul Sharma,581,28,22
VY Mahesh,511,17,22
Anureet Singh,636,22,21
RP Meredith,621,18,21
N Burger,617,18,21
KW Richardson,479,15,21
K Gowtham,844,35,21
Arshad Khan,675,24,20
J Suchith,604,21,20
K Ahmed,351,10,20
C Sakariya,649,20,20
BB Sran,786,24,20
NT Ellis,553,17,20
A Ashish Reddy,400,20,19
AD Mascarenhas,365,13,19
CH Gayle,755,38,19
CRD Fernando,306,10,19
R Shepherd,719,28,19
DS Rathi,834,23,19
IC Pandey,609,24,19
BJ Hodge,310,20,18
M Ur Rahman,513,16,18
LR Shukla,458,27,17
D Wiese,447,15,17
JP Behrendorff,395,12,17
Nithish Kumar Reddy,581,26,17
R Rampaul,319,12,17
Ashwani Kumar,336,10,17
KA Jamieson,508,15,16
AC Thomas,416,15,16
Sakib Hussain,399,11,16
AS Roy,471,21,16
AS Joseph,618,19,16
ST Jayasuriya,396,21,16
CR Brathwaite,392,16,16
VRV Singh,549,18,16
P Krishna,685,18,16
RG Sharma,462,32,16
G Coetzee,490,14,15
PVD Chameera,658,20,15
SJ Srivastava,444,14,15
RR Powar,538,26,15
YA Abdulla,311,11,15
AN Ahmed,515,17,15
AM Ghazanfar,390,11,15
DR Sams,528,16,15
Mohammad Nabi,534,23,15
Azmatullah Omarzai,579,18,15
C Bosch,253,8,14
Brijesh Sharma,452,13,14
Karanveer Singh,323,9,14
J Overton,338,13,14
KR Sen,396,12,14
PP Hinge,307,7,14
R McLaren,558,18,14
V Nigam,478,18,14
Navdeep Saini,596,19,14
S Lamichhane,303,9,14
DJG Sammy,354,19,14
GD McGrath,366,14,14
CJ Anderson,532,22,14
AB McDonald,263,10,14
Umar Gul,198,6,14
JR Hopes,562,20,14
Kamran Khan,248,9,14
JDP Oram,362,14,13
BA Bhatt,408,15,13
RS Bopara,301,14,13
Ankit Sharma,475,23,13
LS Livingstone,458,26,13
J Little,341,11,13
Joginder Sharma,421,15,13
J Theron,311,10,13
S Sharma,367,11,13
CK Langeveldt,199,7,13
M Ali,271,14,13
SM Pollock,307,13,13
Harsh Dubey,328,11,13
Akash Singh,406,12,13
AG Murtaza,322,12,12
Simarjeet Singh,411,14,12
K Kartikeya,412,16,12
SC Ganguly,370,20,12
N Saini,434,13,12
BCJ Cutting,434,17,12
V Pratap Singh,300,9,12
V Shankar,351,22,11
N Rana,330,27,11
BE Hendricks,239,7,11
R Parag,516,34,11
OC McCoy,255,8,11
KP Appanna,291,13,11
TS Mills,349,10,11
A Chandila,245,12,11
JD Ryder,314,16,11
Shivang Kumar,376,13,11
JL Pattinson,321,10,11
Lalit Yadav,430,19,11
S Badree,329,12,11
Pankaj Singh,472,17,11
MA Wood,142,4,11
Akash Deep,554,14,11
S Curran,336,9,11
T Thushara,164,6,10
B Laughlin,293,9,10
MP Yadav,371,10,10
MN Samuels,285,11,10
Anand Rajan,206,8,10
DJ Hussey,485,26,10
Abhishek Sharma,537,34,10
AJ Hosein,239,8,10
WG Jacks,315,19,10
J Syed Mohammad,286,11,10
K Paul,261,8,9
DJ Hooda,552,34,9
SB Styris,278,11,9
BAW Mendis,306,10,9
N Thushara,289,8,9
Mohammad Asif,307,8,9
I Sodhi,207,8,9
P Parameswaran,226,8,9
SMSM Senanayake,211,8,9
AF Milne,381,11,9
JEC Franklin,225,15,9
JA Duffy,266,6,9
AM Nayar,323,19,9
KP Pietersen,218,13,9
Shahid Afridi,237,10,9
SE Bond,225,8,9
M Siddharth,285,9,9
J Yadav,448,20,9
Yash Raj Punja,281,8,9
H Viljoen,248,6,8
Zeeshan Ansari,334,10,8
JDS Neesham,342,13,8
KC Cariappa,350,11,8
A Mithun,477,16,8
Yudhvir Singh,257,9,8
I Udana,286,10,8
M Ntini,257,9,8
S Randiv,223,8,8
AA Chavan,339,13,8
PC Valthaty,207,10,7
XC Bartlett,486,13,7
Y Venugopal Rao,338,20,7
OF Smith,179,6,7
P Amarnath,241,6,7
S Mavi,288,9,7
Ramandeep Singh,95,6,7
D Pretorius,242,7,7
RR Raje,214,10,7
C de Grandhomme,338,19,7
SH Johnson,403,12,7
B Stanlake,204,6,7
S Dube,288,19,7
B Akhil,246,13,7
KM Asif,234,7,7
TK Curran,314,8,7
TL Suman,198,11,7
H Gurney,247,8,7
Swapnil Singh,241,14,7
AM Salvi,205,7,7
R Shukla,217,7,7
V Puthur,109,5,6
SB Bangar,221,9,6
R Sathish,233,14,6
Ashok Sharma,233,6,6
W O'Rourke,132,3,6
V Sehwag,236,15,6
RV Gomez,130,9,6
S Sandeep Warrier,171,7,6
S Kaushik,304,10,6
VS Malik,268,13,6
S Tyagi,304,14,6
MG Bracewell,95,5,6
Fazalhaq Farooqi,440,12,6
DG Nalkande,150,6,6
M de Lange,171,5,6
A Joseph,94,3,6
AK Markram,358,24,6
Jaskaran Singh,174,7,6
K Khejroliya,290,9,6
SS Cottrell,177,6,6
T Curran,121,5,6
FH Edwards,160,6,6
KMDN Kulasekara,122,5,6
S Narwal,203,6,6
JE Taylor,167,5,6
A Choudhary,144,5,5
TM Dilshan,368,25,5
Shoaib Ahmed,154,7,5
Shoaib Akhtar,54,3,5
SR Dubey,110,4,5
L Ablish,76,3,5
V Kohli,371,26,5
B Muzarabani,79,2,5
PD Collingwood,101,6,5
O Thomas,94,4,5
HR Shokeen,320,13,5
RJW Topley,222,6,5
Shashank Singh,141,8,5
KL Nagarkoti,287,11,5
AP Dole,114,3,5
Gurkeerat Singh,97,6,5
J Behrendorff,174,5,5
Arjun Tendulkar,153,6,5
SB Wagh,147,8,5
MJ Henry,314,9,5
DJ Willey,181,8,5
S Ladda,225,9,5
L Plunkett,235,7,4
Shivam Sharma,165,5,4
Gurjapneet Singh,233,8,4
T Stubbs,69,5,4
A Badoni,64,8,4
TM Head,121,7,4
M Santner,105,4,4
Ankit Soni,145,6,4
D du Preez,56,2,4
DJ Muthuswami,108,6,4
DP Vijaykumar,205,9,4
S Dhawan,72,6,4
M Tiwari,105,4,4
Parvez Rasool,273,11,4
Y Nagar,125,8,4
WA Mota,98,7,4
VR Iyer,145,9,3
P Sahu,152,5,3
RN ten Doeschate,94,10,3
R Ninan,65,2,3
RJ Peterson,70,4,3
DAJ Bracewell,32,1,3
Mujeeb Ur Rahman,141,4,3
Gagandeep Singh,142,4,3
GHS Garton,136,5,3
SM Harwood,74,3,3
SM Boland,56,2,3
Abhinandan Singh,122,3,3
DJ Thornely,40,4,3
MJ Clarke,72,5,3
RS Hangargekar,60,2,3
Sachin Baby,8,2,3
JW Hastings,66,3,3
AL Menaria,144,12,3
K Santokie,91,2,3
Sikandar Raza,146,7,3
T Shamsi,185,5,3
JJ van der Wath,134,3,3
JM Kemp,58,5,3
JA Richardson,162,4,3
A Uniyal,67,2,3
B Geeves,91,2,2
MK Lomror,100,9,2
KJ Abbott,182,5,2
SS Mishra,68,2,2
L Ferguson,192,5,2
LJ Wright,125,6,2
RA Bawa,50,2,2
Mayank Dagar,205,8,2
DA Payne,70,2,2
D Kalyankrishna,88,3,2
RJ Gleeson,111,3,2
Mohammad Hafeez,71,4,2
PHKD Mendis,60,4,2
C Nanda,58,3,2
PH Solanki,39,2,2
J Searles,92,3,2
Shoaib Malik,87,5,2
AU Rashid,91,3,2
A Flintoff,106,3,2
FA Allen,136,4,2
KA Maharaj,39,2,2
K Yadav,85,3,2
MA Khote,52,2,2
S Kuggeleijn,73,2,2
DNT Zoysa,100,3,2
Abdul Samad,125,7,2
GD Phillips,40,4,2
KT Maphaka,148,4,2
SD Chitnis,62,2,2
S Warrier,88,3,2
MJ Suthar,94,4,2
P Suyal,154,5,2
PVSN Raju,54,2,2
V Kaverappa,36,1,2
P Dubey,112,5,2
D Willey,98,3,2
ND Doshi,79,4,2
BJ Dwarshuis,51,1,2
D Jansen,53,1,1
D Madushanka,36,1,1
D Short,27,2,1
D Salunkhe,80,5,1
D Brevis,8,1,1
CL White,86,6,1
Naman Dhir,76,5,1
Mashrafe Mortaza,59,1,1
Musheer Khan,27,1,1
AJ Finch,67,5,1
V Viyaskanth,90,3,1
Harmeet Singh (2),34,1,1
R Powell,35,2,1
D Ferreira,41,3,1
RG More,63,2,1
P Raj,60,2,1
AC Voges,76,7,1
A Roy,14,1,1
A Nel,31,1,1
AA Noffke,41,1,1
AA Jhunjhunwala,130,10,1
V Chakravarthy,35,1,1
GH Vihari,39,5,1
GF Linde,55,3,1
SS Sarkar,34,2,1
FY Fazal,20,2,1
SS Mundhe,6,1,1
AA Kazi,21,1,1
TP Sudhindra,137,3,1
GR Napier,28,1,1
AM Rahane,5,1,1
T Henderson,41,2,1
SS Agarwal,42,1,1
L Wood,94,2,1
LA Carseldine,6,1,1
S Rutherford,66,6,1
LMP Simmons,34,1,1
SB Joshi,82,4,1
LI Meriwala,32,1,1
LB Williams,74,2,1
SA Abbott,104,3,1
M Shahrukh Khan,29,3,1
S Vidyut,22,1,1
DJ Mitchell,97,4,1
MK Tiwary,86,6,1
MD Shanaka,62,3,1
Raghu Sharma,130,5,1
RS Ghosh,24,1,1
IC Porel,42,1,1
GS Sandhu,86,2,1
PM Sarvesh Kumar,42,2,1
CJ McKay,60,2,1
DB Ravi Teja,28,2,1
NB Singh,18,2,1
BMAJ Mendis,36,2,1
SSB Magala,52,2,1
AC Gilchrist,0,1,1
Vivrant Sharma,37,2,0
Y Gnaneswara Rao,7,1,0
R Salam,45,1,0
Mandeep Singh,26,2,0
N Wadhera,22,2,0
C Ganapathy,13,1,0
R Goyal,34,1,0
PWA Mulder,16,1,0
Monu Kumar,20,1,0
CJ Green,24,1,0
PR Veer,25,1,0
NL McCullum,35,2,0
NJ Rimmington,20,1,0
C Munro,15,2,0
CK Kapugedera,49,3,0
NA Saini,35,1,0
Mohit Rathee,29,1,0
BJ Rohrer,12,1,0
YBK Jaiswal,6,1,0
I Malhotra,23,1,0
VS Yeligati,61,2,0
P R Barman,56,1,0
P Prasanth,18,1,0
RS Gavaskar,8,1,0
RR Bose,24,1,0
RR Bhatkal,35,1,0
DA Warner,2,1,0
Atharva Taide,4,1,0
Auqib Nabi,151,5,0
B Chipli,20,1,0
R Ravindra,7,2,0
RA Tripathi,12,1,0
RA Shaikh,11,1,0
R Sanjay Yadav,23,1,0
SPD Smith,5,1,0
LRPL Taylor,24,2,0
LPC Silva,21,1,0
Abdur Razzak,29,1,0
Aman Hakim Khan,13,1,0
S Joseph,51,1,0
S Sriram,49,2,0
MG Neser,62,1,0
MW Short,64,5,0
RW Price,33,1,0
RV Patel,22,1,0
M Wood,52,1,0
MB Parmar,33,1,0
M Vijay,49,4,0
M Manhas,42,3,0
S Midhun,32,1,0
S Rana,18,3,0
M Lomror,27,2,0
DJ Harris,26,2,0
Arshad Khan (2),25,1,0
SA Yadav,8,1,0
SS Iyer,7,1,0
SR Tendulkar,59,4,0
Krish Bhagat,63,3,0
L Livingstone,13,1,0
Karim Janat,30,1,0
SN Khan,6,1,0
KR Mayers,59,6,0
KS Williamson,31,2,0
F du Plessis,16,1,0
H Brar,48,2,0
KAJ Roach,80,2,0
SZ Mulani,57,2,0
H Sharma,62,2,0
H Vihari,9,1,0
Jalaj S Saxena,27,1,0
AS Raut,45,5,0
Sunny Gupta,47,1,0
Suryansh Shedge,40,1,0
AUK Pathan,63,3,0
Sumit Kumar,38,2,0
K Upadhyay,81,3,0
K Goel,94,6,0
T Vijay,29,1,0
TH David,18,1,0
J Dala,35,1,0
Ishan Kishan,4,1,0
Gulbadin Naib,12,1,0
Gurnoor Brar,42,1,0
Tilak Varma,28,4,0
Tejas Baroka,33,1,0
JE Root,15,1,0
A Dananjaya,48,1,0
