Team,Matches,Wins,Win_Percentage
Chennai Super Kings,266,148,55.639097744360896
Deccan Chargers,75,29,38.666666666666664
Delhi Capitals,281,126,44.83985765124555
Gujarat Lions,30,13,43.333333333333336
Gujarat Titans,77,47,61.038961038961034
Kochi Tuskers Kerala,14,6,42.857142857142854
Kolkata Knight Riders,278,140,50.35971223021583
Lucknow Super Giants,72,34,47.22222222222222
Mumbai Indians,291,157,53.95189003436426
Pune Warriors,46,12,26.08695652173913
Punjab Kings,278,128,46.043165467625904
Rajasthan Royals,251,125,49.800796812749006
Rising Pune Supergiants,30,15,50.0
Royal Challengers Bengaluru,286,144,50.349650349650354
Sunrisers Hyderabad,211,103,48.81516587677725
